{
    "name": "SvcSwap Default List",
    "timestamp": "2023-02-8T11:45:09Z",
    "version": {
        "major": 4,
        "minor": 0,
        "patch": 0
    },
    "tags": {},
    "logoURI": "https://dex-svc.ceewen.xyz/static/media/seven_chain_logo.5ec2cfe0.png",
    "keywords": [
        "seven dex",
        "default"
    ],
    "tokens": [
        {
            "name": "Seven Chain Token",
            "symbol": "SVC",
            "address": "0x762729F36206Bc985ed462E625e0200cF51ACc46",
            "decimals": 18,
            "chainId": 137,
            "logoURI": "https://dex-svc.ceewen.xyz/static/media/seven_chain_logo.5ec2cfe0.png"
        },
        {
            "name": "Seven Chain Token",
            "symbol": "SVC",
            "address": "0x40ae465CC90c636Ea0Ff123f91924d222F513a6E",
            "decimals": 18,
            "chainId": 80001,
            "logoURI": "https://dex-svc.ceewen.xyz/static/media/seven_chain_logo.5ec2cfe0.png"
        },
        {
            "name": "Wrapped Ether",
            "address": "0x7ceB23fD6bC0adD59E62ac25578270cFf1b9f619",
            "symbol": "WETH",
            "decimals": 18,
            "chainId": 137,
            "logoURI": "https://tokens.pancakeswap.finance/images/symbol/weth.png"
        },
        {
            "name": "Wrapped Ether",
            "address": "0x46D7484dd2E05F4108192Fd0c6431c8e24511C23",
            "symbol": "WETH",
            "decimals": 18,
            "chainId": 80001,
            "logoURI": "https://tokens.pancakeswap.finance/images/symbol/weth.png"
        },
        {
            "name": "Wrapped BTC",
            "symbol": "WBTC",
            "address": "0x1BFD67037B42Cf73acF2047067bd4F2C47D9BfD6",
            "chainId": 137,
            "decimals": 8,
            "logoURI": "https://tokens.pancakeswap.finance/images/symbol/wbtc.png"
        },
        {
            "name": "Wrapped BTC",
            "symbol": "WBTC",
            "address": "0xd3FCc4593470257Ab924950B5d83aeE611708533",
            "chainId": 80001,
            "decimals": 18,
            "logoURI": "https://tokens.pancakeswap.finance/images/symbol/wbtc.png"
        },
        {
            "name": "B2Z Exchange",
            "symbol": "B2Z",
            "address": "0xe5d7B3bFeEfe0a5694c2E3DeC89A4D8085EFaa0A",
            "chainId": 80001,
            "decimals": 18,
            "logoURI": "./assets/images/b2z.png"
        }
    ]
}